{
  "visualizers": [
    {
      "type": "htmldoc",
      "displayName": "normalized text",
      "mappings": "config:ogr-norm"
    },
    {
      "type": "htmldoc",
      "displayName": "diplomatic text",
      "mappings": "config:ogr-dipl"
    }
  ],
  "metaDataColumns": [
    {
      "name": "title_en"
    },
    {
      "name": "title_fr"
    },
    {
      "name": "lang"
    },
    {
      "name": "form"
    }
  ],
  "orderBy": [
    {
      "name": "text",
      "ascending": "false"
    }
  ]
}
